Datetime,Water Level (m)
2025-06-10 18:00:00,0.37779054
2025-06-10 19:00:00,0.54979503
2025-06-10 20:00:00,0.6210991
2025-06-10 21:00:00,0.55574214
2025-06-10 22:00:00,0.38578877
2025-06-10 23:00:00,0.23380484
2025-06-11 00:00:00,0.11545094
2025-06-11 01:00:00,0.014143805
2025-06-11 02:00:00,-0.08392794
2025-06-11 03:00:00,-0.1665789
2025-06-11 04:00:00,-0.15689793
2025-06-11 05:00:00,0.12615609
2025-06-11 06:00:00,0.40799546
2025-06-11 07:00:00,0.64969057
2025-06-11 08:00:00,0.8079342
2025-06-11 09:00:00,0.8615371
2025-06-11 10:00:00,0.76378053
2025-06-11 11:00:00,0.56742465
2025-06-11 12:00:00,0.40925732
2025-06-11 13:00:00,0.29284847
2025-06-11 14:00:00,0.19489203
2025-06-11 15:00:00,0.10405095
2025-06-11 16:00:00,0.034021936
2025-06-11 17:00:00,0.09072445
2025-06-11 18:00:00,0.37905908
2025-06-11 19:00:00,0.58616155
2025-06-11 20:00:00,0.7093964
2025-06-11 21:00:00,0.72329557
2025-06-11 22:00:00,0.59144634
2025-06-11 23:00:00,0.4116795
2025-06-12 00:00:00,0.27501953
2025-06-12 01:00:00,0.16537108
2025-06-12 02:00:00,0.067695566
2025-06-12 03:00:00,-0.020489233
2025-06-12 04:00:00,-0.077572495
2025-06-12 05:00:00,0.065527774
2025-06-12 06:00:00,0.3654471
2025-06-12 07:00:00,0.6363484
2025-06-12 08:00:00,0.8507654
2025-06-12 09:00:00,0.9782447
2025-06-12 10:00:00,0.9734914
2025-06-12 11:00:00,0.8002041
2025-06-12 12:00:00,0.599306
2025-06-12 13:00:00,0.45828426
2025-06-12 14:00:00,0.3486039
2025-06-12 15:00:00,0.25039983
2025-06-12 16:00:00,0.16099136
2025-06-12 17:00:00,0.11514112
2025-06-12 18:00:00,0.30161384
2025-06-12 19:00:00,0.56693214
2025-06-12 20:00:00,0.7359717
2025-06-12 21:00:00,0.81359935
2025-06-12 22:00:00,0.7660997
2025-06-12 23:00:00,0.59228456
2025-06-13 00:00:00,0.42916393
2025-06-13 01:00:00,0.30387604
2025-06-13 02:00:00,0.19626078
2025-06-13 03:00:00,0.09801049
2025-06-13 04:00:00,0.0123195425
2025-06-13 05:00:00,-0.01002304
2025-06-13 06:00:00,0.25330362
2025-06-13 07:00:00,0.55094093
2025-06-13 08:00:00,0.7903328
2025-06-13 09:00:00,0.96192527
2025-06-13 10:00:00,1.0273305
2025-06-13 11:00:00,0.93447125
2025-06-13 12:00:00,0.7293386
2025-06-13 13:00:00,0.5673105
2025-06-13 14:00:00,0.44673005
2025-06-13 15:00:00,0.34573936
2025-06-13 16:00:00,0.2498265
2025-06-13 17:00:00,0.16867937
2025-06-13 18:00:00,0.15799211
2025-06-13 19:00:00,0.4152242
2025-06-13 20:00:00,0.6569356
2025-06-13 21:00:00,0.8093873
2025-06-13 22:00:00,0.85394067
2025-06-13 23:00:00,0.75102973
2025-06-14 00:00:00,0.5657005
2025-06-14 01:00:00,0.41722915
2025-06-14 02:00:00,0.29969653
2025-06-14 03:00:00,0.19587122
2025-06-14 04:00:00,0.102619044
2025-06-14 05:00:00,0.02891251
2025-06-14 06:00:00,0.084497005
2025-06-14 07:00:00,0.39763394
2025-06-14 08:00:00,0.6738696
2025-06-14 09:00:00,0.8994765
2025-06-14 10:00:00,1.0443645
2025-06-14 11:00:00,1.0646288
2025-06-14 12:00:00,0.9103466
2025-06-14 13:00:00,0.70738757
2025-06-14 14:00:00,0.56283635
2025-06-14 15:00:00,0.44958553
2025-06-14 16:00:00,0.34923854
2025-06-14 17:00:00,0.25734848
2025-06-14 18:00:00,0.19368683
2025-06-14 19:00:00,0.28905547
2025-06-14 20:00:00,0.5728313
2025-06-14 21:00:00,0.7701065
2025-06-14 22:00:00,0.88737875
2025-06-14 23:00:00,0.89446187
2025-06-15 00:00:00,0.7532554
2025-06-15 01:00:00,0.57345986
2025-06-15 02:00:00,0.43548098
2025-06-15 03:00:00,0.323561
2025-06-15 04:00:00,0.22349109
2025-06-15 05:00:00,0.13642569
2025-06-15 06:00:00,0.08841801
2025-06-15 07:00:00,0.2639324
2025-06-15 08:00:00,0.57722396
2025-06-15 09:00:00,0.83048326
2025-06-15 10:00:00,1.0244472
2025-06-15 11:00:00,1.1249683
2025-06-15 12:00:00,1.0800713
2025-06-15 13:00:00,0.8781316
2025-06-15 14:00:00,0.69426274
2025-06-15 15:00:00,0.56512386
2025-06-15 16:00:00,0.45679027
2025-06-15 17:00:00,0.3583714
2025-06-15 18:00:00,0.27282378
2025-06-15 19:00:00,0.23908894
2025-06-15 20:00:00,0.44793034
2025-06-15 21:00:00,0.7114125
2025-06-15 22:00:00,0.88751304
2025-06-15 23:00:00,0.9713596
2025-06-16 00:00:00,0.9283244
2025-06-16 01:00:00,0.753797
2025-06-16 02:00:00,0.5919167
2025-06-16 03:00:00,0.4651974
2025-06-16 04:00:00,0.35909268
2025-06-16 05:00:00,0.26287094
2025-06-16 06:00:00,0.18421537
2025-06-16 07:00:00,0.17950897
2025-06-16 08:00:00,0.45428675
2025-06-16 09:00:00,0.7590667
2025-06-16 10:00:00,1.0088713
2025-06-16 11:00:00,1.1760037
2025-06-16 12:00:00,1.2387286
2025-06-16 13:00:00,1.1523498
2025-06-16 14:00:00,0.95171297
2025-06-16 15:00:00,0.795194
2025-06-16 16:00:00,0.68008983
2025-06-16 17:00:00,0.58066094
2025-06-16 18:00:00,0.49153697
